DateTime;UpDn;Depth;TempMax
2021-03-09 16:09:24.604;Dn;0.001;3.35
2021-03-09 16:09:27.032;Dn;0.001;3.35
2021-03-09 16:09:30.297;Dn;0.001;3.35
2021-03-09 16:09:30.728;Dn;0.006;3.35
2021-03-09 16:09:31.155;Dn;0.011;3.35
2021-03-09 16:09:31.242;Dn;0.014;3.35
2021-03-09 16:09:31.531;Dn;0.023;3.35
2021-03-09 16:09:31.913;Dn;0.031;3.35
2021-03-09 16:09:31.969;Dn;0.032;3.35
2021-03-09 16:09:32.189;Dn;0.040;3.35
2021-03-09 16:09:32.637;Dn;0.049;3.35
2021-03-09 16:09:32.770;Dn;0.049;3.35
2021-03-09 16:09:33.020;Dn;0.057;3.35
2021-03-09 16:09:33.161;Dn;0.067;3.35
2021-03-09 16:09:33.470;Dn;0.076;3.35
2021-03-09 16:09:33.542;Dn;0.082;3.35
2021-03-09 16:09:33.598;Dn;0.084;3.35
2021-03-09 16:09:33.851;Dn;0.092;3.35
2021-03-09 16:09:34.347;Dn;0.098;3.35
2021-03-09 16:09:34.547;Dn;0.100;3.35
2021-03-09 16:09:34.921;Dn;0.108;3.35
2021-03-09 16:09:35.218;Dn;0.114;3.35
2021-03-09 16:09:35.286;Dn;0.117;3.35
2021-03-09 16:09:35.643;Dn;0.126;3.35
2021-03-09 16:09:35.976;Dn;0.133;3.35
2021-03-09 16:09:36.063;Dn;0.134;3.35
2021-03-09 16:09:36.337;Dn;0.142;3.35
2021-03-09 16:09:36.683;Dn;0.150;3.35
2021-03-09 16:09:36.785;Dn;0.156;3.35
2021-03-09 16:09:37.017;Dn;0.159;3.35
2021-03-09 16:09:37.349;Dn;0.168;3.35
2021-03-09 16:09:38.251;Dn;0.172;3.29
2021-03-09 16:09:38.297;Dn;0.185;3.29
2021-03-09 16:09:38.430;Dn;0.196;3.29
2021-03-09 16:09:38.619;Dn;0.202;3.29
2021-03-09 16:09:39.263;Dn;0.211;3.29
2021-03-09 16:09:39.626;Dn;0.219;3.29
2021-03-09 16:09:39.899;Dn;0.229;3.29
2021-03-09 16:09:40.062;Dn;0.232;3.29
2021-03-09 16:09:40.202;Dn;0.237;3.29
2021-03-09 16:09:40.529;Dn;0.246;3.29
2021-03-09 16:09:40.831;Dn;0.252;3.29
2021-03-09 16:09:41.085;Dn;0.256;3.29
2021-03-09 16:09:41.360;Dn;0.264;3.29
2021-03-09 16:09:41.647;Dn;0.270;3.29
2021-03-09 16:09:41.728;Dn;0.273;3.29
2021-03-09 16:09:42.171;Dn;0.281;3.29
2021-03-09 16:09:42.458;Dn;0.287;3.29
2021-03-09 16:09:42.563;Dn;0.292;3.29
2021-03-09 16:09:42.699;Dn;0.300;3.29
2021-03-09 16:09:43.094;Dn;0.308;3.29
2021-03-09 16:09:43.327;Dn;0.314;3.29
2021-03-09 16:09:43.417;Dn;0.317;3.29
2021-03-09 16:09:43.709;Dn;0.326;3.29
2021-03-09 16:09:43.952;Dn;0.334;3.29
2021-03-09 16:09:44.112;Dn;0.338;3.29
2021-03-09 16:09:44.252;Dn;0.342;3.29
2021-03-09 16:09:44.553;Dn;0.351;3.29
2021-03-09 16:09:44.842;Dn;0.359;3.29
2021-03-09 16:09:44.914;Dn;0.362;3.29
2021-03-09 16:09:45.125;Dn;0.368;3.29
2021-03-09 16:09:45.408;Dn;0.376;3.29
2021-03-09 16:09:46.376;Dn;0.382;3.29
2021-03-09 16:09:46.434;Dn;0.397;3.29
2021-03-09 16:09:46.540;Dn;0.399;3.29
2021-03-09 16:09:46.575;Dn;0.406;3.29
2021-03-09 16:09:46.827;Dn;0.414;3.29
2021-03-09 16:09:47.320;Dn;0.420;3.29
2021-03-09 16:09:47.438;Dn;0.422;3.29
2021-03-09 16:09:47.707;Dn;0.431;3.29
2021-03-09 16:09:48.022;Dn;0.440;3.29
2021-03-09 16:09:48.220;Dn;0.442;3.29
2021-03-09 16:09:48.410;Dn;0.448;3.29
2021-03-09 16:09:49.010;Dn;0.456;3.29
2021-03-09 16:09:49.436;Dn;0.466;3.29
2021-03-09 16:09:49.769;Dn;0.470;3.29
2021-03-09 16:09:49.840;Dn;0.478;3.29
2021-03-09 16:09:50.320;Dn;0.486;3.29
2021-03-09 16:09:50.585;Dn;0.490;3.29
2021-03-09 16:09:50.651;Dn;0.495;3.29
2021-03-09 16:09:51.084;Dn;0.504;3.29
2021-03-09 16:09:51.388;Dn;0.507;3.29
2021-03-09 16:09:51.450;Dn;0.512;3.29
2021-03-09 16:09:51.701;Dn;0.522;3.29
2021-03-09 16:09:52.258;Dn;0.530;3.29
2021-03-09 16:09:52.465;Dn;0.539;3.29
2021-03-09 16:09:52.720;Dn;0.547;3.29
2021-03-09 16:09:53.017;Dn;0.555;3.29
2021-03-09 16:09:53.100;Dn;0.556;3.29
2021-03-09 16:09:53.369;Dn;0.565;3.29
2021-03-09 16:09:54.503;Dn;0.573;3.35
2021-03-09 16:09:54.539;Dn;0.590;3.35
2021-03-09 16:09:54.650;Dn;0.598;3.35
2021-03-09 16:09:55.020;Dn;0.606;3.35
2021-03-09 16:09:55.278;Dn;0.614;3.35
2021-03-09 16:09:55.496;Dn;0.616;3.35
2021-03-09 16:09:55.593;Dn;0.623;3.35
2021-03-09 16:09:55.947;Dn;0.631;3.35
2021-03-09 16:09:56.264;Dn;0.638;3.35
2021-03-09 16:09:56.348;Dn;0.639;3.35
2021-03-09 16:09:56.650;Dn;0.648;3.35
2021-03-09 16:09:57.080;Dn;0.655;3.35
2021-03-09 16:09:57.162;Dn;0.657;3.35
2021-03-09 16:09:57.357;Dn;0.665;3.35
2021-03-09 16:09:57.829;Dn;0.673;3.35
2021-03-09 16:09:57.900;Dn;0.675;3.35
2021-03-09 16:10:43.374;Dn;0.681;3.35
2021-03-09 16:10:43.517;Dn;0.683;3.29
2021-03-09 16:10:43.786;Dn;0.691;3.29
2021-03-09 16:10:43.994;Dn;0.700;3.29
2021-03-09 16:10:44.202;Dn;0.704;3.29
2021-03-09 16:10:44.262;Dn;0.708;3.29
2021-03-09 16:10:44.468;Dn;0.716;3.29
2021-03-09 16:10:44.651;Dn;0.724;3.29
2021-03-09 16:10:44.846;Dn;0.732;3.29
2021-03-09 16:10:44.970;Dn;0.737;3.29
2021-03-09 16:10:45.001;Dn;0.741;3.29
2021-03-09 16:10:45.169;Dn;0.749;3.29
2021-03-09 16:10:45.307;Dn;0.757;3.29
2021-03-09 16:10:45.498;Dn;0.765;3.29
2021-03-09 16:10:45.727;Dn;0.774;3.29
2021-03-09 16:10:45.797;Dn;0.775;3.29
2021-03-09 16:10:45.970;Dn;0.782;3.29
2021-03-09 16:10:46.183;Dn;0.790;3.29
2021-03-09 16:10:46.280;Dn;0.799;3.29
2021-03-09 16:10:46.448;Dn;0.807;3.29
2021-03-09 16:10:46.572;Dn;0.813;3.29
2021-03-09 16:10:46.604;Dn;0.816;3.29
2021-03-09 16:10:46.881;Dn;0.824;3.29
2021-03-09 16:10:47.065;Dn;0.832;3.29
2021-03-09 16:10:47.312;Dn;0.841;3.29
2021-03-09 16:10:47.406;Dn;0.845;3.29
2021-03-09 16:10:47.565;Dn;0.849;3.29
2021-03-09 16:10:47.743;Dn;0.857;3.29
2021-03-09 16:10:47.980;Dn;0.865;3.29
2021-03-09 16:10:48.107;Dn;0.874;3.29
2021-03-09 16:10:48.201;Dn;0.875;3.29
2021-03-09 16:10:48.348;Dn;0.883;3.29
2021-03-09 16:10:48.561;Dn;0.891;3.29
2021-03-09 16:10:48.715;Dn;0.899;3.29
2021-03-09 16:10:49.030;Dn;0.906;3.29
2021-03-09 16:10:49.097;Dn;0.908;3.29
2021-03-09 16:10:49.179;Dn;0.916;3.29
2021-03-09 16:10:49.371;Dn;0.924;3.29
2021-03-09 16:10:49.700;Dn;0.932;3.29
2021-03-09 16:10:49.839;Dn;0.941;3.29
2021-03-09 16:10:49.993;Dn;0.949;3.29
2021-03-09 16:10:50.265;Dn;0.958;3.29
2021-03-09 16:10:50.543;Dn;0.966;3.29
2021-03-09 16:10:51.291;Dn;0.971;3.29
2021-03-09 16:10:51.350;Dn;0.980;3.29
2021-03-09 16:10:51.452;Dn;0.996;3.29
2021-03-09 16:10:51.507;Dn;0.998;3.29
2021-03-09 16:10:51.793;Dn;1.006;3.29
2021-03-09 16:10:52.042;Dn;1.015;3.29
2021-03-09 16:10:52.268;Dn;1.022;3.29
2021-03-09 16:10:52.410;Dn;1.023;3.29
2021-03-09 16:10:52.633;Dn;1.032;3.29
2021-03-09 16:10:52.926;Dn;1.042;3.29
2021-03-09 16:10:53.109;Dn;1.045;3.29
2021-03-09 16:10:53.208;Dn;1.051;3.29
2021-03-09 16:10:53.424;Dn;1.061;3.29
2021-03-09 16:10:53.707;Dn;1.069;3.29
2021-03-09 16:10:53.940;Dn;1.072;3.29
2021-03-09 16:10:53.979;Dn;1.078;3.29
2021-03-09 16:10:54.240;Dn;1.086;3.29
2021-03-09 16:10:54.441;Dn;1.095;3.29
2021-03-09 16:10:54.706;Dn;1.097;3.29
2021-03-09 16:10:54.756;Dn;1.104;3.29
2021-03-09 16:10:54.958;Dn;1.112;3.29
2021-03-09 16:10:55.194;Dn;1.120;3.29
2021-03-09 16:10:55.458;Dn;1.128;3.29
2021-03-09 16:10:55.529;Dn;1.130;3.29
2021-03-09 16:10:55.690;Dn;1.136;3.29
2021-03-09 16:10:55.931;Dn;1.146;3.29
2021-03-09 16:10:56.326;Dn;1.154;3.29
2021-03-09 16:10:56.442;Dn;1.162;3.29
2021-03-09 16:10:56.737;Dn;1.171;3.29
2021-03-09 16:10:56.970;Dn;1.180;3.29
2021-03-09 16:10:57.187;Dn;1.181;3.29
2021-03-09 16:10:57.246;Dn;1.188;3.29
2021-03-09 16:10:57.540;Dn;1.196;3.29
2021-03-09 16:10:57.770;Dn;1.205;3.29
2021-03-09 16:10:57.986;Dn;1.207;3.29
2021-03-09 16:10:58.009;Dn;1.214;3.29
2021-03-09 16:10:58.269;Dn;1.222;3.29
2021-03-09 16:10:58.489;Dn;1.230;3.29
2021-03-09 16:10:59.418;Dn;1.235;3.29
2021-03-09 16:10:59.474;Dn;1.255;3.29
2021-03-09 16:10:59.568;Dn;1.260;3.29
2021-03-09 16:10:59.690;Dn;1.264;3.29
2021-03-09 16:10:59.984;Dn;1.273;3.29
2021-03-09 16:11:00.251;Dn;1.282;3.29
2021-03-09 16:11:00.411;Dn;1.285;3.29
2021-03-09 16:11:00.500;Dn;1.290;3.29
2021-03-09 16:11:00.818;Dn;1.299;3.29
2021-03-09 16:11:01.197;Dn;1.307;3.29
2021-03-09 16:11:01.466;Dn;1.317;3.29
2021-03-09 16:11:01.716;Dn;1.325;3.29
2021-03-09 16:11:02.080;Dn;1.333;3.29
2021-03-09 16:11:02.117;Dn;1.333;3.29
2021-03-09 16:11:02.332;Dn;1.342;3.29
2021-03-09 16:11:02.667;Dn;1.350;3.29
2021-03-09 16:11:02.832;Dn;1.354;3.29
2021-03-09 16:11:02.915;Dn;1.358;3.29
2021-03-09 16:11:03.181;Dn;1.367;3.29
2021-03-09 16:11:03.501;Dn;1.375;3.29
2021-03-09 16:11:03.714;Dn;1.378;3.29
2021-03-09 16:11:03.764;Dn;1.384;3.29
2021-03-09 16:11:04.080;Dn;1.392;3.29
2021-03-09 16:11:04.280;Dn;1.400;3.29
2021-03-09 16:11:04.504;Dn;1.402;3.29
2021-03-09 16:11:04.504;Dn;1.409;3.29
2021-03-09 16:11:04.830;Dn;1.418;3.29
2021-03-09 16:11:05.045;Dn;1.426;3.29
2021-03-09 16:11:05.284;Dn;1.434;3.29
2021-03-09 16:11:05.506;Dn;1.443;3.29
2021-03-09 16:11:05.762;Dn;1.451;3.29
2021-03-09 16:11:05.915;Dn;1.459;3.29
2021-03-09 16:11:06.138;Dn;1.461;3.29
2021-03-09 16:11:06.188;Dn;1.467;3.29
2021-03-09 16:11:06.428;Dn;1.475;3.29
2021-03-09 16:11:06.682;Dn;1.484;3.29
2021-03-09 16:11:07.544;Dn;1.490;3.29
2021-03-09 16:11:07.658;Dn;1.493;3.29
2021-03-09 16:11:07.711;Dn;1.516;3.29
2021-03-09 16:11:07.792;Dn;1.521;3.29
2021-03-09 16:11:08.091;Dn;1.530;3.29
2021-03-09 16:11:08.342;Dn;1.538;3.29
2021-03-09 16:11:08.546;Dn;1.543;3.29
2021-03-09 16:11:08.603;Dn;1.547;3.29
2021-03-09 16:11:08.880;Dn;1.555;3.29
2021-03-09 16:11:09.083;Dn;1.564;3.29
2021-03-09 16:11:09.347;Dn;1.569;3.29
2021-03-09 16:11:09.375;Dn;1.572;3.29
2021-03-09 16:11:09.563;Dn;1.581;3.29
2021-03-09 16:11:09.890;Dn;1.589;3.29
2021-03-09 16:11:10.129;Dn;1.597;3.29
2021-03-09 16:11:10.196;Dn;1.597;3.29
2021-03-09 16:11:10.393;Dn;1.605;3.29
2021-03-09 16:11:10.652;Dn;1.613;3.29
2021-03-09 16:11:11.039;Dn;1.622;3.29
2021-03-09 16:11:11.102;Dn;1.630;3.29
2021-03-09 16:11:11.389;Dn;1.638;3.29
2021-03-09 16:11:11.625;Dn;1.647;3.29
2021-03-09 16:11:11.768;Dn;1.650;3.29
2021-03-09 16:11:11.900;Dn;1.656;3.29
2021-03-09 16:11:12.154;Dn;1.664;3.29
2021-03-09 16:11:12.389;Dn;1.672;3.29
2021-03-09 16:11:12.596;Dn;1.677;3.29
2021-03-09 16:11:12.673;Dn;1.681;3.29
2021-03-09 16:11:12.946;Dn;1.690;3.29
2021-03-09 16:11:13.188;Dn;1.699;3.29
2021-03-09 16:11:13.440;Dn;1.704;3.29
2021-03-09 16:11:13.440;Dn;1.707;3.29
2021-03-09 16:11:13.689;Dn;1.715;3.29
2021-03-09 16:11:13.946;Dn;1.723;3.29
2021-03-09 16:11:14.195;Dn;1.731;3.29
2021-03-09 16:11:14.257;Dn;1.732;3.29
2021-03-09 16:11:14.419;Dn;1.740;3.29
2021-03-09 16:11:14.658;Dn;1.749;3.29
2021-03-09 16:11:14.921;Dn;1.757;3.29
2021-03-09 16:11:15.661;Dn;1.759;3.29
2021-03-09 16:11:15.710;Dn;1.772;3.29
2021-03-09 16:11:15.834;Dn;1.785;3.29
2021-03-09 16:11:15.951;Dn;1.791;3.29
2021-03-09 16:11:16.162;Dn;1.799;3.29
2021-03-09 16:11:16.484;Dn;1.807;3.29
2021-03-09 16:11:16.654;Dn;1.811;3.29
2021-03-09 16:11:16.763;Dn;1.815;3.29
2021-03-09 16:11:16.963;Dn;1.824;3.29
2021-03-09 16:11:17.252;Dn;1.832;3.29
2021-03-09 16:11:17.483;Dn;1.836;3.29
2021-03-09 16:11:17.533;Dn;1.841;3.29
2021-03-09 16:11:17.821;Dn;1.849;3.29
2021-03-09 16:11:18.057;Dn;1.858;3.29
2021-03-09 16:11:18.282;Dn;1.862;3.29
2021-03-09 16:11:18.389;Dn;1.866;3.29
2021-03-09 16:11:18.634;Dn;1.874;3.29
2021-03-09 16:11:18.901;Dn;1.882;3.29
2021-03-09 16:12:01.332;Dn;1.884;3.29
2021-03-09 16:12:01.625;Dn;1.893;3.29
2021-03-09 16:12:01.740;Dn;1.901;3.29
2021-03-09 16:12:02.080;Dn;1.908;3.29
2021-03-09 16:12:02.177;Dn;1.910;3.29
2021-03-09 16:12:02.409;Dn;1.918;3.29
2021-03-09 16:12:02.722;Dn;1.926;3.29
2021-03-09 16:12:02.925;Dn;1.930;3.29
2021-03-09 16:12:02.954;Dn;1.934;3.29
2021-03-09 16:12:03.189;Dn;1.942;3.29
2021-03-09 16:12:03.455;Dn;1.951;3.29
2021-03-09 16:12:03.580;Dn;1.959;3.29
2021-03-09 16:12:04.361;Dn;1.962;3.29
2021-03-09 16:12:04.571;Dn;1.990;3.29
2021-03-09 16:12:04.604;Dn;1.998;3.29
2021-03-09 16:12:04.886;Dn;2.006;3.29
2021-03-09 16:12:05.147;Dn;2.015;3.29
2021-03-09 16:12:05.363;Dn;2.021;3.29
2021-03-09 16:12:05.455;Dn;2.023;3.29
2021-03-09 16:12:05.674;Dn;2.032;3.29
2021-03-09 16:12:05.962;Dn;2.041;3.29
2021-03-09 16:12:06.137;Dn;2.044;3.29
2021-03-09 16:12:06.171;Dn;2.049;3.29
2021-03-09 16:12:06.418;Dn;2.058;3.29
2021-03-09 16:12:06.754;Dn;2.066;3.29
2021-03-09 16:12:07.019;Dn;2.069;3.29
2021-03-09 16:12:07.039;Dn;2.075;3.29
2021-03-09 16:12:07.318;Dn;2.083;3.29
2021-03-09 16:12:07.519;Dn;2.092;3.29
2021-03-09 16:12:07.754;Dn;2.099;3.29
2021-03-09 16:12:07.850;Dn;2.100;3.29
2021-03-09 16:12:07.929;Dn;2.108;3.29
2021-03-09 16:12:08.251;Dn;2.116;3.29
2021-03-09 16:12:08.537;Dn;2.125;3.29
2021-03-09 16:12:08.598;Dn;2.125;3.29
2021-03-09 16:12:08.868;Dn;2.134;3.29
2021-03-09 16:12:09.092;Dn;2.142;3.29
2021-03-09 16:12:09.277;Dn;2.150;3.29
2021-03-09 16:12:09.373;Dn;2.151;3.29
2021-03-09 16:12:09.416;Dn;2.159;3.29
2021-03-09 16:12:09.781;Dn;2.167;3.29
2021-03-09 16:12:10.010;Dn;2.176;3.29
2021-03-09 16:12:10.251;Dn;2.182;3.29
2021-03-09 16:12:10.297;Dn;2.184;3.29
2021-03-09 16:12:10.571;Dn;2.193;3.29
2021-03-09 16:12:10.842;Dn;2.202;3.29
2021-03-09 16:12:11.051;Dn;2.208;3.29
2021-03-09 16:12:11.099;Dn;2.211;3.29
2021-03-09 16:12:11.332;Dn;2.219;3.29
2021-03-09 16:12:11.597;Dn;2.228;3.29
2021-03-09 16:12:12.475;Dn;2.234;3.29
2021-03-09 16:12:12.519;Dn;2.240;3.29
2021-03-09 16:12:12.638;Dn;2.259;3.29
2021-03-09 16:12:12.682;Dn;2.262;3.29
2021-03-09 16:12:12.895;Dn;2.270;3.29
2021-03-09 16:12:13.131;Dn;2.279;3.29
2021-03-09 16:12:13.521;Dn;2.282;3.29
2021-03-09 16:12:13.578;Dn;2.287;3.29
2021-03-09 16:12:13.691;Dn;2.295;3.29
2021-03-09 16:12:13.962;Dn;2.304;3.29
2021-03-09 16:12:14.259;Dn;2.311;3.29
2021-03-09 16:12:14.323;Dn;2.314;3.29
2021-03-09 16:12:14.494;Dn;2.322;3.29
2021-03-09 16:12:14.729;Dn;2.332;3.29
2021-03-09 16:12:14.961;Dn;2.340;3.29
2021-03-09 16:12:15.061;Dn;2.342;3.29
2021-03-09 16:12:15.196;Dn;2.348;3.29
2021-03-09 16:12:15.427;Dn;2.357;3.29
2021-03-09 16:12:15.685;Dn;2.365;3.29
2021-03-09 16:12:15.884;Dn;2.372;3.29
2021-03-09 16:12:15.962;Dn;2.374;3.29
2021-03-09 16:12:16.107;Dn;2.382;3.29
2021-03-09 16:12:16.392;Dn;2.392;3.29
2021-03-09 16:12:16.603;Dn;2.401;3.29
2021-03-09 16:12:16.761;Dn;2.402;3.29
2021-03-09 16:12:16.842;Dn;2.409;3.29
2021-03-09 16:12:17.141;Dn;2.418;3.29
2021-03-09 16:12:17.374;Dn;2.426;3.29
2021-03-09 16:12:17.519;Dn;2.429;3.29
2021-03-09 16:12:17.632;Dn;2.434;3.29
2021-03-09 16:12:17.808;Dn;2.443;3.29
2021-03-09 16:12:18.079;Dn;2.452;3.29
2021-03-09 16:12:18.318;Dn;2.454;3.29
2021-03-09 16:12:18.432;Dn;2.460;3.29
2021-03-09 16:12:18.672;Dn;2.469;3.29
2021-03-09 16:12:18.940;Dn;2.477;3.29
2021-03-09 16:12:19.209;Dn;2.480;3.29
2021-03-09 16:12:19.209;Dn;2.485;3.29
2021-03-09 16:12:19.422;Dn;2.493;3.29
2021-03-09 16:12:19.706;Dn;2.502;3.29
2021-03-09 16:12:20.592;Dn;2.508;3.29
2021-03-09 16:12:20.645;Dn;2.526;3.29
2021-03-09 16:12:20.756;Dn;2.535;3.29
2021-03-09 16:12:20.881;Dn;2.544;3.29
2021-03-09 16:12:21.162;Dn;2.553;3.29
2021-03-09 16:12:21.438;Dn;2.562;3.29
2021-03-09 16:12:21.578;Dn;2.564;3.29
2021-03-09 16:12:21.754;Dn;2.570;3.29
2021-03-09 16:12:21.897;Dn;2.579;3.29
2021-03-09 16:12:22.220;Dn;2.588;3.29
2021-03-09 16:12:22.410;Dn;2.592;3.29
2021-03-09 16:12:22.465;Dn;2.597;3.29
2021-03-09 16:12:22.687;Dn;2.606;3.29
2021-03-09 16:12:22.914;Dn;2.614;3.29
2021-03-09 16:12:23.305;Dn;2.622;3.29
2021-03-09 16:12:23.435;Dn;2.631;3.29
2021-03-09 16:12:23.611;Dn;2.639;3.29
2021-03-09 16:12:23.952;Dn;2.648;3.29
2021-03-09 16:12:24.024;Dn;2.650;3.29
2021-03-09 16:12:24.168;Dn;2.657;3.29
2021-03-09 16:12:24.384;Dn;2.666;3.29
2021-03-09 16:12:24.601;Dn;2.674;3.29
2021-03-09 16:12:24.817;Dn;2.678;3.29
2021-03-09 16:12:24.892;Dn;2.683;3.29
2021-03-09 16:12:25.134;Dn;2.691;3.29
2021-03-09 16:12:25.417;Dn;2.700;3.29
2021-03-09 16:12:25.661;Dn;2.705;3.29
2021-03-09 16:12:25.662;Dn;2.708;3.29
2021-03-09 16:12:25.803;Dn;2.717;3.29
2021-03-09 16:12:26.108;Dn;2.726;3.29
2021-03-09 16:12:26.450;Dn;2.734;3.29
2021-03-09 16:12:26.652;Dn;2.743;3.29
2021-03-09 16:12:26.890;Dn;2.751;3.29
2021-03-09 16:12:27.114;Dn;2.759;3.29
2021-03-09 16:12:27.247;Dn;2.760;3.29
2021-03-09 16:12:27.391;Dn;2.768;3.29
2021-03-09 16:12:27.665;Dn;2.776;3.29
2021-03-09 16:12:27.835;Dn;2.785;3.29
2021-03-09 16:12:28.712;Dn;2.788;3.29
2021-03-09 16:12:28.755;Dn;2.797;3.29
2021-03-09 16:12:28.866;Dn;2.817;3.29
2021-03-09 16:12:28.970;Dn;2.823;3.29
2021-03-09 16:12:29.230;Dn;2.832;3.29
2021-03-09 16:12:29.430;Dn;2.840;3.29
2021-03-09 16:12:29.685;Dn;2.847;3.29
2021-03-09 16:12:29.744;Dn;2.849;3.29
2021-03-09 16:12:29.963;Dn;2.857;3.29
2021-03-09 16:12:30.196;Dn;2.865;3.29
2021-03-09 16:12:30.397;Dn;2.873;3.29
2021-03-09 16:12:30.497;Dn;2.875;3.29
2021-03-09 16:12:30.662;Dn;2.883;3.29
2021-03-09 16:12:30.946;Dn;2.892;3.29
2021-03-09 16:12:31.150;Dn;2.900;3.29
2021-03-09 16:12:31.353;Dn;2.904;3.29
2021-03-09 16:12:31.451;Dn;2.909;3.29
2021-03-09 16:12:31.711;Dn;2.917;3.29
2021-03-09 16:12:31.916;Dn;2.926;3.29
2021-03-09 16:12:32.186;Dn;2.929;3.29
2021-03-09 16:12:32.220;Dn;2.935;3.29
2021-03-09 16:12:32.381;Dn;2.943;3.29
2021-03-09 16:12:32.726;Dn;2.952;3.29
2021-03-09 16:12:32.969;Dn;2.957;3.29
2021-03-09 16:12:33.019;Dn;2.962;3.29
2021-03-09 16:12:33.290;Dn;2.970;3.29
2021-03-09 16:12:33.535;Dn;2.978;3.29
2021-03-09 16:12:33.738;Dn;2.984;3.29
2021-03-09 16:12:33.817;Dn;2.987;3.29
2021-03-09 16:12:34.010;Dn;2.995;3.29
2021-03-09 16:12:34.251;Dn;3.004;3.29
2021-03-09 16:12:34.546;Dn;3.011;3.29
2021-03-09 16:12:34.657;Dn;3.012;3.29
2021-03-09 16:12:34.857;Dn;3.020;3.29
2021-03-09 16:12:35.083;Dn;3.029;3.29
2021-03-09 16:12:35.358;Dn;3.035;3.29
2021-03-09 16:12:35.420;Dn;3.038;3.29
2021-03-09 16:12:35.668;Dn;3.047;3.29
2021-03-09 16:12:35.973;Dn;3.055;3.29
2021-03-09 16:12:36.827;Dn;3.059;3.29
2021-03-09 16:12:36.876;Dn;3.072;3.29
2021-03-09 16:12:36.991;Dn;3.076;3.29
2021-03-09 16:12:37.139;Dn;3.081;3.29
2021-03-09 16:12:37.564;Dn;3.089;3.29
2021-03-09 16:12:37.857;Dn;3.093;3.29
2021-03-09 16:12:38.011;Dn;3.098;3.29
2021-03-09 16:12:38.457;Dn;3.106;3.29
2021-03-09 16:13:25.643;Dn;3.108;3.29
2021-03-09 16:13:25.709;Dn;3.113;3.29
2021-03-09 16:13:25.734;Dn;3.114;3.29
2021-03-09 16:13:26.503;Dn;3.121;3.29
2021-03-09 16:13:26.669;Dn;3.122;3.29
2021-03-09 16:13:26.996;Dn;3.131;3.29
2021-03-09 16:13:27.308;Dn;3.138;3.29
2021-03-09 16:13:27.454;Dn;3.141;3.29
2021-03-09 16:13:27.555;Dn;3.149;3.29
2021-03-09 16:13:27.798;Dn;3.157;3.29
2021-03-09 16:13:28.221;Dn;3.166;3.29
2021-03-09 16:13:28.415;Dn;3.174;3.29
2021-03-09 16:13:28.637;Dn;3.183;3.29
2021-03-09 16:13:28.937;Dn;3.190;3.29
2021-03-09 16:13:29.005;Dn;3.192;3.29
2021-03-09 16:13:29.204;Dn;3.201;3.29
2021-03-09 16:13:29.439;Dn;3.210;3.29
2021-03-09 16:13:29.741;Dn;3.218;3.29
2021-03-09 16:13:29.823;Dn;3.219;3.29
2021-03-09 16:13:29.970;Dn;3.227;3.29
2021-03-09 16:13:30.308;Dn;3.236;3.29
2021-03-09 16:13:30.540;Dn;3.243;3.29
2021-03-09 16:13:30.608;Dn;3.244;3.29
2021-03-09 16:13:30.808;Dn;3.253;3.29
2021-03-09 16:13:31.009;Dn;3.261;3.29
2021-03-09 16:13:31.310;Dn;3.270;3.29
2021-03-09 16:13:31.389;Dn;3.270;3.29
2021-03-09 16:13:31.584;Dn;3.278;3.29
2021-03-09 16:13:31.851;Dn;3.286;3.29
2021-03-09 16:13:32.074;Dn;3.295;3.29
2021-03-09 16:13:32.192;Dn;3.296;3.29
2021-03-09 16:13:32.316;Dn;3.303;3.29
2021-03-09 16:13:32.567;Dn;3.311;3.29
2021-03-09 16:13:32.750;Dn;3.320;3.29
2021-03-09 16:13:33.652;Dn;3.326;3.29
2021-03-09 16:13:33.699;Dn;3.331;3.29
2021-03-09 16:13:33.795;Dn;3.352;3.29
2021-03-09 16:13:33.916;Dn;3.358;3.29
2021-03-09 16:13:34.171;Dn;3.366;3.29
2021-03-09 16:13:34.371;Dn;3.375;3.29
2021-03-09 16:13:34.614;Dn;3.380;3.29
2021-03-09 16:13:34.764;Dn;3.383;3.29
2021-03-09 16:13:34.973;Dn;3.392;3.29
2021-03-09 16:13:35.240;Dn;3.400;3.29
2021-03-09 16:13:35.468;Dn;3.403;3.29
2021-03-09 16:13:35.516;Dn;3.409;3.29
2021-03-09 16:13:35.815;Dn;3.417;3.29
2021-03-09 16:13:36.092;Dn;3.425;3.29
2021-03-09 16:13:36.254;Dn;3.429;3.29
2021-03-09 16:13:36.485;Dn;3.435;3.29
2021-03-09 16:13:36.713;Dn;3.443;3.29
2021-03-09 16:13:37.046;Dn;3.451;3.29
2021-03-09 16:13:37.196;Dn;3.451;3.29
2021-03-09 16:13:37.315;Dn;3.459;3.29
2021-03-09 16:13:37.629;Dn;3.468;3.29
2021-03-09 16:13:37.918;Dn;3.473;3.29
2021-03-09 16:13:37.996;Dn;3.476;3.29
2021-03-09 16:13:38.262;Dn;3.485;3.29
2021-03-09 16:13:38.655;Dn;3.494;3.29
2021-03-09 16:13:38.861;Dn;3.502;3.29
2021-03-09 16:13:39.111;Dn;3.510;3.29
2021-03-09 16:13:39.444;Dn;3.518;3.29
2021-03-09 16:13:39.528;Dn;3.518;3.29
2021-03-09 16:13:39.781;Dn;3.526;3.29
2021-03-09 16:13:40.126;Dn;3.536;3.29
2021-03-09 16:13:40.348;Dn;3.539;3.29
2021-03-09 16:13:40.384;Dn;3.544;3.29
2021-03-09 16:13:40.654;Dn;3.553;3.29
2021-03-09 16:13:40.976;Dn;3.561;3.29
2021-03-09 16:13:41.757;Dn;3.563;3.29
2021-03-09 16:13:41.817;Dn;3.576;3.29
2021-03-09 16:13:41.903;Dn;3.587;3.29
2021-03-09 16:13:42.078;Dn;3.593;3.29
2021-03-09 16:13:42.390;Dn;3.601;3.29
2021-03-09 16:13:42.657;Dn;3.610;3.29
2021-03-09 16:13:42.742;Dn;3.610;3.29
2021-03-09 16:13:42.927;Dn;3.618;3.29
2021-03-09 16:13:43.292;Dn;3.627;3.29
2021-03-09 16:13:43.624;Dn;3.633;3.29
2021-03-09 16:13:43.663;Dn;3.635;3.29
2021-03-09 16:13:43.908;Dn;3.644;3.29
2021-03-09 16:13:44.239;Dn;3.652;3.29
2021-03-09 16:13:44.380;Dn;3.655;3.29
2021-03-09 16:13:44.576;Dn;3.661;3.29
2021-03-09 16:13:44.862;Dn;3.670;3.29
2021-03-09 16:13:45.166;Dn;3.675;3.29
2021-03-09 16:13:45.234;Dn;3.678;3.29
2021-03-09 16:13:45.521;Dn;3.686;3.29
2021-03-09 16:13:45.854;Dn;3.695;3.29
2021-03-09 16:13:46.001;Dn;3.697;3.29
2021-03-09 16:13:46.258;Dn;3.704;3.29
2021-03-09 16:13:46.556;Dn;3.712;3.29
2021-03-09 16:13:46.789;Dn;3.718;3.29
2021-03-09 16:13:46.897;Dn;3.721;3.29
2021-03-09 16:13:47.153;Dn;3.729;3.29
2021-03-09 16:13:47.538;Dn;3.738;3.29
2021-03-09 16:13:47.614;Dn;3.739;3.29
2021-03-09 16:13:47.852;Dn;3.747;3.29
2021-03-09 16:13:48.185;Dn;3.755;3.29
2021-03-09 16:13:48.414;Dn;3.759;3.29
2021-03-09 16:13:48.528;Dn;3.763;3.29
2021-03-09 16:13:48.814;Dn;3.772;3.29
2021-03-09 16:13:49.184;Dn;3.780;3.29
2021-03-09 16:13:49.876;Dn;3.780;3.29
2021-03-09 16:13:49.926;Dn;3.797;3.29
2021-03-09 16:13:50.060;Dn;3.800;3.29
2021-03-09 16:13:50.150;Dn;3.805;3.29
2021-03-09 16:13:50.429;Dn;3.813;3.29
2021-03-09 16:13:50.888;Dn;3.822;3.29
2021-03-09 16:13:51.144;Dn;3.830;3.29
2021-03-09 16:13:51.449;Dn;3.838;3.29
2021-03-09 16:13:51.661;Dn;3.842;3.29
2021-03-09 16:13:51.758;Dn;3.846;3.29
2021-03-09 16:13:52.076;Dn;3.854;3.29
2021-03-09 16:13:52.480;Dn;3.862;3.29
2021-03-09 16:13:52.501;Dn;3.863;3.29
2021-03-09 16:13:52.782;Dn;3.871;3.29
2021-03-09 16:13:53.144;Dn;3.879;3.29
2021-03-09 16:13:53.337;Dn;3.882;3.29
2021-03-09 16:13:53.374;Dn;3.887;3.29
2021-03-09 16:13:53.695;Dn;3.896;3.29
2021-03-09 16:13:53.966;Dn;3.904;3.29
2021-03-09 16:13:54.102;Dn;3.905;3.29
2021-03-09 16:13:54.318;Dn;3.912;3.29
2021-03-09 16:13:54.647;Dn;3.920;3.29
2021-03-09 16:13:54.912;Dn;3.926;3.29
2021-03-09 16:13:55.029;Dn;3.928;3.29
2021-03-09 16:13:55.271;Dn;3.937;3.29
2021-03-09 16:13:55.578;Dn;3.945;3.29
2021-03-09 16:13:55.749;Dn;3.948;3.29
2021-03-09 16:13:56.014;Dn;3.954;3.29
2021-03-09 16:13:56.349;Dn;3.963;3.29
2021-03-09 16:13:56.593;Dn;3.963;3.29
2021-03-09 16:13:56.750;Dn;3.972;3.29
2021-03-09 16:13:57.027;Dn;3.980;3.29
2021-03-09 16:13:57.997;Dn;3.986;3.29
2021-03-09 16:13:58.053;Dn;4.000;3.29
2021-03-09 16:13:58.158;Dn;4.002;3.29
2021-03-09 16:13:58.406;Dn;4.008;3.29
2021-03-09 16:13:58.828;Dn;4.017;3.29
2021-03-09 16:13:59.006;Dn;4.017;3.29
2021-03-09 16:13:59.350;Dn;4.026;3.29
2021-03-09 16:13:59.757;Dn;4.033;3.29
2021-03-09 16:13:59.799;Dn;4.034;3.29
2021-03-09 16:14:00.152;Dn;4.043;3.29
2021-03-09 16:14:00.576;Dn;4.047;3.29
2021-03-09 16:14:00.726;Dn;4.051;3.29
2021-03-09 16:14:01.124;Dn;4.060;3.29
2021-03-09 16:14:01.429;Dn;4.063;3.29
2021-03-09 16:14:01.613;Dn;4.069;3.29
2021-03-09 16:14:02.249;Dn;4.078;3.29
2021-03-09 16:14:02.707;Dn;4.086;3.29
2021-03-09 16:14:03.024;Dn;4.089;3.29
2021-03-09 16:14:03.239;Dn;4.094;3.29
2021-03-09 16:14:03.637;Dn;4.102;3.29
2021-03-09 16:14:03.892;Dn;4.103;3.29
2021-03-09 16:14:04.302;Dn;4.111;3.29
2021-03-09 16:14:04.734;Dn;4.115;3.29
2021-03-09 16:14:04.818;Dn;4.119;3.29
2021-03-09 16:14:05.352;Dn;4.128;3.29
2021-03-09 16:14:06.121;Dn;4.128;3.29
2021-03-09 16:14:06.168;Dn;4.139;3.29
2021-03-09 16:14:06.251;Dn;4.140;3.29
2021-03-09 16:14:06.518;Dn;4.147;3.29
2021-03-09 16:14:07.000;Dn;4.155;3.29
2021-03-09 16:14:07.090;Dn;4.156;3.29
2021-03-09 16:14:07.442;Dn;4.163;3.29
2021-03-09 16:14:07.852;Dn;4.172;3.29
2021-03-09 16:14:07.982;Dn;4.172;3.29
2021-03-09 16:14:08.241;Dn;4.180;3.29
2021-03-09 16:14:08.713;Dn;4.188;3.29
2021-03-09 16:14:08.798;Dn;4.188;3.29
2021-03-09 16:14:09.181;Dn;4.197;3.29
2021-03-09 16:14:09.518;Dn;4.201;3.29
2021-03-09 16:14:09.691;Dn;4.206;3.29
2021-03-09 16:14:10.181;Dn;4.214;3.29
2021-03-09 16:14:10.335;Dn;4.216;3.29
2021-03-09 16:14:10.697;Dn;4.223;3.29
2021-03-09 16:14:11.141;Dn;4.229;3.29
2021-03-09 16:14:11.213;Dn;4.231;3.29
2021-03-09 16:14:11.629;Dn;4.239;3.29
2021-03-09 16:14:11.957;Dn;4.244;3.29
2021-03-09 16:14:12.195;Dn;4.247;3.29
2021-03-09 16:14:12.744;Dn;4.256;3.29
2021-03-09 16:14:12.877;Dn;4.256;3.29
2021-03-09 16:14:13.213;Dn;4.265;3.29
2021-03-09 16:14:14.228;Dn;4.267;3.23
2021-03-09 16:14:14.280;Dn;4.279;3.23
2021-03-09 16:14:14.432;Dn;4.281;3.23
2021-03-09 16:14:14.704;Dn;4.288;3.23
2021-03-09 16:14:15.197;Dn;4.294;3.23
2021-03-09 16:14:15.280;Dn;4.297;3.23
2021-03-09 16:14:15.725;Dn;4.305;3.23
2021-03-09 16:14:16.012;Dn;4.308;3.23
2021-03-09 16:15:03.908;Dn;4.313;3.29
2021-03-09 16:15:04.008;Dn;4.314;3.23
2021-03-09 16:15:04.711;Dn;4.321;3.23
2021-03-09 16:15:04.826;Dn;4.322;3.23
2021-03-09 16:15:05.528;Dn;4.328;3.23
2021-03-09 16:15:05.707;Dn;4.331;3.23
2021-03-09 16:15:06.337;Dn;4.337;3.23
2021-03-09 16:15:06.413;Dn;4.340;3.23
2021-03-09 16:15:06.779;Dn;4.349;3.23
2021-03-09 16:15:07.150;Dn;4.353;3.23
2021-03-09 16:15:07.312;Dn;4.357;3.23
2021-03-09 16:15:07.756;Dn;4.365;3.23
2021-03-09 16:15:08.046;Dn;4.369;3.23
2021-03-09 16:15:08.123;Dn;4.374;3.23
2021-03-09 16:15:08.471;Dn;4.382;3.23
2021-03-09 16:15:08.775;Dn;4.386;3.23
2021-03-09 16:15:08.899;Dn;4.391;3.23
2021-03-09 16:15:09.289;Dn;4.399;3.23
2021-03-09 16:15:09.584;Dn;4.403;3.23
2021-03-09 16:15:09.665;Dn;4.407;3.23
2021-03-09 16:15:09.987;Dn;4.416;3.23
2021-03-09 16:15:10.269;Dn;4.424;3.23
2021-03-09 16:15:11.054;Dn;4.426;3.23
2021-03-09 16:15:11.087;Dn;4.442;3.23
2021-03-09 16:15:11.299;Dn;4.445;3.23
2021-03-09 16:15:11.352;Dn;4.450;3.23
2021-03-09 16:15:11.670;Dn;4.459;3.23
2021-03-09 16:15:12.047;Dn;4.467;3.23
2021-03-09 16:15:12.286;Dn;4.476;3.23
2021-03-09 16:15:12.620;Dn;4.484;3.23
2021-03-09 16:15:12.803;Dn;4.488;3.23
2021-03-09 16:15:12.887;Dn;4.492;3.23
2021-03-09 16:15:13.149;Dn;4.501;3.23
2021-03-09 16:15:13.468;Dn;4.509;3.23
2021-03-09 16:15:13.691;Dn;4.514;3.23
2021-03-09 16:15:13.863;Dn;4.518;3.23
2021-03-09 16:15:14.134;Dn;4.526;3.23
2021-03-09 16:15:14.525;Dn;4.533;3.23
2021-03-09 16:15:14.525;Dn;4.535;3.23
2021-03-09 16:15:14.723;Dn;4.543;3.23
2021-03-09 16:15:14.988;Dn;4.552;3.23
2021-03-09 16:15:15.268;Dn;4.555;3.23
2021-03-09 16:15:15.347;Dn;4.560;3.23
2021-03-09 16:15:15.613;Dn;4.568;3.23
2021-03-09 16:15:15.981;Dn;4.576;3.23
2021-03-09 16:15:16.069;Dn;4.577;3.23
2021-03-09 16:15:16.228;Dn;4.585;3.23
2021-03-09 16:15:16.527;Dn;4.593;3.23
2021-03-09 16:15:16.890;Dn;4.600;3.23
2021-03-09 16:15:16.957;Dn;4.601;3.23
2021-03-09 16:15:17.259;Dn;4.610;3.23
2021-03-09 16:15:17.699;Dn;4.618;3.23
2021-03-09 16:15:17.947;Dn;4.627;3.23
2021-03-09 16:15:18.221;Dn;4.635;3.23
2021-03-09 16:15:19.179;Dn;4.641;3.29
2021-03-09 16:15:19.212;Dn;4.654;3.29
2021-03-09 16:15:19.318;Dn;4.663;3.29
2021-03-09 16:15:19.583;Dn;4.671;3.29
2021-03-09 16:15:19.917;Dn;4.681;3.29
2021-03-09 16:15:20.207;Dn;4.684;3.29
2021-03-09 16:15:20.333;Dn;4.689;3.29
2021-03-09 16:15:20.628;Dn;4.698;3.29
2021-03-09 16:15:21.107;Dn;4.706;3.29
2021-03-09 16:15:21.181;Dn;4.714;3.29
2021-03-09 16:15:21.509;Dn;4.722;3.29
2021-03-09 16:15:21.761;Dn;4.728;3.29
2021-03-09 16:15:21.876;Dn;4.730;3.29
2021-03-09 16:15:22.160;Dn;4.739;3.29
2021-03-09 16:15:22.511;Dn;4.747;3.29
2021-03-09 16:15:22.603;Dn;4.748;3.29
2021-03-09 16:15:22.792;Dn;4.756;3.29
2021-03-09 16:15:23.156;Dn;4.764;3.29
2021-03-09 16:15:23.379;Dn;4.769;3.29
2021-03-09 16:15:23.543;Dn;4.772;3.29
2021-03-09 16:15:23.859;Dn;4.780;3.29
2021-03-09 16:15:24.198;Dn;4.787;3.29
2021-03-09 16:15:24.278;Dn;4.789;3.29
2021-03-09 16:15:24.461;Dn;4.797;3.29
2021-03-09 16:15:24.840;Dn;4.805;3.29
2021-03-09 16:15:25.059;Dn;4.809;3.29
2021-03-09 16:15:25.246;Dn;4.814;3.29
2021-03-09 16:15:25.573;Dn;4.822;3.29
2021-03-09 16:15:25.820;Dn;4.827;3.29
2021-03-09 16:15:25.924;Dn;4.830;3.29
2021-03-09 16:15:26.220;Dn;4.838;3.29
2021-03-09 16:15:26.542;Dn;4.847;3.29
2021-03-09 16:15:27.291;Dn;4.848;3.23
2021-03-09 16:15:27.343;Dn;4.865;3.23
2021-03-09 16:15:27.449;Dn;4.866;3.23
2021-03-09 16:15:27.651;Dn;4.873;3.23
2021-03-09 16:15:27.993;Dn;4.881;3.23
2021-03-09 16:15:28.265;Dn;4.886;3.23
2021-03-09 16:15:28.349;Dn;4.890;3.23
2021-03-09 16:15:28.752;Dn;4.898;3.23
2021-03-09 16:15:29.139;Dn;4.904;3.23
2021-03-09 16:15:29.176;Dn;4.906;3.23
2021-03-09 16:15:29.372;Dn;4.914;3.23
2021-03-09 16:15:29.768;Dn;4.923;3.23
2021-03-09 16:15:29.909;Dn;4.925;3.23
2021-03-09 16:15:30.167;Dn;4.931;3.23
2021-03-09 16:15:30.551;Dn;4.940;3.23
2021-03-09 16:15:30.725;Dn;4.943;3.23
2021-03-09 16:15:30.852;Dn;4.948;3.23
2021-03-09 16:15:31.184;Dn;4.956;3.23
2021-03-09 16:15:31.502;Dn;4.962;3.23
2021-03-09 16:15:31.587;Dn;4.965;3.23
2021-03-09 16:15:31.912;Dn;4.973;3.23
2021-03-09 16:15:32.413;Dn;4.981;3.23
2021-03-09 16:15:32.525;Dn;4.989;3.23
2021-03-09 16:15:32.931;Dn;4.997;3.23
2021-03-09 16:15:33.191;Dn;5.001;3.23
2021-03-09 16:15:33.328;Dn;5.006;3.23
2021-03-09 16:15:33.618;Dn;5.014;3.23
2021-03-09 16:15:33.934;Dn;5.021;3.23
2021-03-09 16:15:34.012;Dn;5.023;3.23
2021-03-09 16:15:34.331;Dn;5.031;3.23
2021-03-09 16:15:34.647;Dn;5.040;3.23
2021-03-09 16:15:35.392;Dn;5.040;3.23
2021-03-09 16:15:35.448;Dn;5.050;3.23
2021-03-09 16:15:35.569;Dn;5.059;3.23
2021-03-09 16:15:35.758;Dn;5.067;3.23
2021-03-09 16:15:36.096;Dn;5.075;3.23
2021-03-09 16:15:36.374;Dn;5.080;3.23
2021-03-09 16:15:36.452;Dn;5.083;3.23
2021-03-09 16:15:36.812;Dn;5.091;3.23
2021-03-09 16:15:37.117;Dn;5.099;3.23
2021-03-09 16:15:37.277;Dn;5.100;3.23
2021-03-09 16:15:37.400;Dn;5.108;3.23
2021-03-09 16:15:37.727;Dn;5.116;3.23
2021-03-09 16:15:38.077;Dn;5.122;3.23
2021-03-09 16:15:38.137;Dn;5.125;3.23
2021-03-09 16:15:38.446;Dn;5.134;3.23
2021-03-09 16:15:38.809;Dn;5.140;3.23
2021-03-09 16:15:38.879;Dn;5.143;3.23
2021-03-09 16:15:39.143;Dn;5.152;3.23
2021-03-09 16:15:39.442;Dn;5.160;3.23
2021-03-09 16:15:39.660;Dn;5.163;3.23
2021-03-09 16:15:39.857;Dn;5.169;3.23
2021-03-09 16:15:40.125;Dn;5.178;3.23
2021-03-09 16:15:40.427;Dn;5.184;3.23
2021-03-09 16:15:40.524;Dn;5.186;3.23
2021-03-09 16:15:40.707;Dn;5.194;3.23
2021-03-09 16:15:41.074;Dn;5.203;3.23
2021-03-09 16:15:41.262;Dn;5.207;3.23
2021-03-09 16:15:41.424;Dn;5.212;3.23
2021-03-09 16:15:41.689;Dn;5.220;3.23
2021-03-09 16:15:42.088;Dn;5.229;3.23
2021-03-09 16:15:42.289;Dn;5.237;3.23
2021-03-09 16:15:42.556;Dn;5.245;3.23
2021-03-09 16:15:43.518;Dn;5.252;3.23
2021-03-09 16:15:43.566;Dn;5.274;3.23
2021-03-09 16:15:43.693;Dn;5.277;3.23
2021-03-09 16:15:43.814;Dn;5.283;3.23
2021-03-09 16:15:44.072;Dn;5.292;3.23
2021-03-09 16:15:44.371;Dn;5.300;3.23
2021-03-09 16:15:44.515;Dn;5.301;3.23
2021-03-09 16:15:44.655;Dn;5.308;3.23
2021-03-09 16:15:44.956;Dn;5.316;3.23
2021-03-09 16:15:45.382;Dn;5.323;3.23
2021-03-09 16:15:45.390;Dn;5.326;3.23
2021-03-09 16:15:45.567;Dn;5.334;3.23
2021-03-09 16:15:45.844;Dn;5.343;3.23
2021-03-09 16:15:46.110;Dn;5.347;3.23
2021-03-09 16:15:46.188;Dn;5.351;3.23
2021-03-09 16:15:46.432;Dn;5.359;3.23
2021-03-09 16:15:46.718;Dn;5.368;3.23
2021-03-09 16:15:46.926;Dn;5.372;3.23
2021-03-09 16:15:47.001;Dn;5.376;3.23
2021-03-09 16:15:47.308;Dn;5.384;3.23
2021-03-09 16:15:47.653;Dn;5.393;3.23
2021-03-09 16:15:47.731;Dn;5.394;3.23
2021-03-09 16:15:47.967;Dn;5.401;3.23
2021-03-09 16:15:48.333;Dn;5.410;3.23
2021-03-09 16:15:48.609;Dn;5.414;3.23
2021-03-09 16:15:48.658;Dn;5.418;3.23
2021-03-09 16:15:49.016;Dn;5.427;3.23
2021-03-09 16:15:49.356;Dn;5.434;3.23
2021-03-09 16:15:49.462;Dn;5.435;3.23
2021-03-09 16:15:49.757;Dn;5.445;3.23
2021-03-09 16:15:50.182;Dn;5.452;3.23
2021-03-09 16:15:50.316;Dn;5.453;3.23
2021-03-09 16:15:50.547;Dn;5.462;3.23
2021-03-09 16:15:50.935;Dn;5.470;3.23
2021-03-09 16:15:51.633;Dn;5.471;3.23
2021-03-09 16:15:51.687;Dn;5.487;3.23
2021-03-09 16:15:51.847;Dn;5.489;3.23
2021-03-09 16:15:52.052;Dn;5.495;3.23
2021-03-09 16:15:52.381;Dn;5.503;3.23
2021-03-09 16:15:52.669;Dn;5.507;3.23
2021-03-09 16:15:52.901;Dn;5.512;3.23
2021-03-09 16:16:38.917;Dn;5.520;3.23
2021-03-09 16:16:39.166;Dn;5.526;3.23
2021-03-09 16:16:40.338;Dn;5.528;3.23
2021-03-09 16:16:40.542;Dn;5.528;3.23
2021-03-09 16:16:40.832;Dn;5.534;3.23
2021-03-09 16:16:41.319;Dn;5.540;3.23
2021-03-09 16:16:41.486;Dn;5.542;3.23
2021-03-09 16:16:42.130;Dn;5.550;3.23
2021-03-09 16:16:42.254;Dn;5.550;3.23
2021-03-09 16:16:42.737;Dn;5.559;3.23
2021-03-09 16:16:42.937;Dn;5.561;3.23
2021-03-09 16:16:43.429;Dn;5.567;3.23
2021-03-09 16:16:43.821;Dn;5.571;3.23
2021-03-09 16:16:43.995;Dn;5.575;3.23
2021-03-09 16:16:44.654;Dn;5.583;3.23
2021-03-09 16:16:45.277;Dn;5.591;3.23
2021-03-09 16:16:45.387;Dn;5.592;3.23
2021-03-09 16:16:45.842;Dn;5.599;3.23
2021-03-09 16:16:46.257;Dn;5.604;3.23
2021-03-09 16:16:46.367;Dn;5.608;3.23
2021-03-09 16:16:47.066;Dn;5.615;3.23
2021-03-09 16:16:47.076;Dn;5.617;3.23
2021-03-09 16:16:47.470;Dn;5.625;3.23
2021-03-09 16:16:48.461;Dn;5.630;3.23
2021-03-09 16:16:48.518;Dn;5.633;3.23
2021-03-09 16:16:48.637;Dn;5.640;3.23
2021-03-09 16:16:49.140;Dn;5.650;3.23
2021-03-09 16:16:49.494;Dn;5.653;3.23
2021-03-09 16:16:49.708;Dn;5.658;3.23
2021-03-09 16:16:50.253;Dn;5.665;3.23
2021-03-09 16:16:50.322;Dn;5.668;3.23
2021-03-09 16:16:50.705;Dn;5.676;3.23
2021-03-09 16:16:51.058;Dn;5.681;3.23
2021-03-09 16:16:51.261;Dn;5.684;3.23
2021-03-09 16:16:51.721;Dn;5.692;3.23
2021-03-09 16:16:51.886;Dn;5.694;3.23
2021-03-09 16:16:52.193;Dn;5.701;3.23
2021-03-09 16:16:52.759;Dn;5.709;3.23
2021-03-09 16:16:53.220;Dn;5.717;3.23
2021-03-09 16:16:53.556;Dn;5.721;3.23
2021-03-09 16:16:53.648;Dn;5.725;3.23
2021-03-09 16:16:54.117;Dn;5.734;3.23
2021-03-09 16:16:54.302;Dn;5.737;3.23
2021-03-09 16:16:54.653;Dn;5.742;3.23
2021-03-09 16:16:55.219;Dn;5.750;3.23
2021-03-09 16:16:55.470;Dn;5.758;3.23
2021-03-09 16:16:56.588;Dn;5.765;3.23
2021-03-09 16:16:56.709;Dn;5.768;3.23
2021-03-09 16:16:56.782;Dn;5.782;3.23
2021-03-09 16:16:57.015;Dn;5.789;3.23
2021-03-09 16:16:57.316;Dn;5.797;3.23
2021-03-09 16:16:57.545;Dn;5.801;3.23
2021-03-09 16:16:57.765;Dn;5.805;3.23
2021-03-09 16:16:58.069;Dn;5.815;3.23
2021-03-09 16:16:58.358;Dn;5.818;3.23
2021-03-09 16:16:58.440;Dn;5.823;3.23
2021-03-09 16:16:58.781;Dn;5.832;3.23
2021-03-09 16:16:59.164;Dn;5.840;3.23
2021-03-09 16:16:59.506;Dn;5.849;3.23
2021-03-09 16:16:59.838;Dn;5.857;3.23
2021-03-09 16:17:00.007;Dn;5.860;3.23
2021-03-09 16:17:00.162;Dn;5.865;3.23
2021-03-09 16:17:00.413;Dn;5.873;3.23
2021-03-09 16:17:00.809;Dn;5.879;3.23
2021-03-09 16:17:00.879;Dn;5.882;3.23
2021-03-09 16:17:01.164;Dn;5.890;3.23
2021-03-09 16:17:01.454;Dn;5.898;3.23
2021-03-09 16:17:01.633;Dn;5.899;3.23
2021-03-09 16:17:01.827;Dn;5.906;3.23
2021-03-09 16:17:02.157;Dn;5.915;3.23
2021-03-09 16:17:02.419;Dn;5.918;3.23
2021-03-09 16:17:02.556;Dn;5.923;3.23
2021-03-09 16:17:02.877;Dn;5.932;3.23
2021-03-09 16:17:03.228;Dn;5.939;3.23
2021-03-09 16:17:03.308;Dn;5.942;3.23
2021-03-09 16:17:03.629;Dn;5.951;3.23
2021-03-09 16:17:04.703;Dn;5.959;3.23
2021-03-09 16:17:04.758;Dn;5.977;3.23
2021-03-09 16:17:04.875;Dn;5.980;3.23
2021-03-09 16:17:05.011;Dn;5.985;3.23
2021-03-09 16:17:05.376;Dn;5.994;3.23
2021-03-09 16:17:05.669;Dn;5.999;3.23
2021-03-09 16:17:05.762;Dn;6.003;3.23
2021-03-09 16:17:06.073;Dn;6.011;3.23
2021-03-09 16:17:06.517;Dn;6.020;3.23
2021-03-09 16:17:06.722;Dn;6.028;3.23
2021-03-09 16:17:07.123;Dn;6.036;3.23
2021-03-09 16:17:07.314;Dn;6.038;3.23
2021-03-09 16:17:07.581;Dn;6.044;3.23
2021-03-09 16:17:07.918;Dn;6.052;3.23
2021-03-09 16:17:08.156;Dn;6.055;3.23
2021-03-09 16:17:08.387;Dn;6.061;3.23
2021-03-09 16:17:08.942;Dn;6.069;3.23
2021-03-09 16:17:09.262;Dn;6.078;3.23
2021-03-09 16:17:09.719;Dn;6.084;3.23
2021-03-09 16:17:09.815;Dn;6.087;3.23
2021-03-09 16:17:10.271;Dn;6.095;3.23
2021-03-09 16:17:10.531;Dn;6.100;3.23
2021-03-09 16:17:10.782;Dn;6.103;3.23
2021-03-09 16:17:11.202;Dn;6.111;3.23
2021-03-09 16:17:11.394;Dn;6.113;3.23
2021-03-09 16:17:11.595;Dn;6.119;3.23
2021-03-09 16:17:12.814;Dn;6.128;3.23
2021-03-09 16:17:12.865;Dn;6.143;3.23
2021-03-09 16:17:12.985;Dn;6.145;3.23
2021-03-09 16:17:13.200;Dn;6.152;3.23
2021-03-09 16:17:13.568;Dn;6.161;3.23
2021-03-09 16:17:13.864;Dn;6.163;3.23
2021-03-09 16:17:14.015;Dn;6.169;3.23
2021-03-09 16:17:14.382;Dn;6.177;3.23
2021-03-09 16:17:14.669;Dn;6.181;3.23
2021-03-09 16:17:14.748;Dn;6.186;3.23
2021-03-09 16:17:15.100;Dn;6.194;3.23
2021-03-09 16:17:15.413;Dn;6.201;3.23
2021-03-09 16:17:15.479;Dn;6.202;3.23
2021-03-09 16:17:15.803;Dn;6.210;3.23
2021-03-09 16:17:16.179;Dn;6.218;3.23
2021-03-09 16:17:16.252;Dn;6.220;3.23
2021-03-09 16:17:16.438;Dn;6.227;3.23
2021-03-09 16:17:16.879;Dn;6.236;3.23
2021-03-09 16:17:17.096;Dn;6.239;3.23
2021-03-09 16:17:17.297;Dn;6.244;3.23
2021-03-09 16:17:17.566;Dn;6.252;3.23
2021-03-09 16:17:17.848;Dn;6.257;3.23
2021-03-09 16:17:17.938;Dn;6.260;3.23
2021-03-09 16:17:18.287;Dn;6.269;3.23
2021-03-09 16:17:18.654;Dn;6.276;3.23
2021-03-09 16:17:18.741;Dn;6.278;3.23
2021-03-09 16:17:19.059;Dn;6.286;3.23
2021-03-09 16:17:19.471;Dn;6.292;3.23
2021-03-09 16:17:19.648;Dn;6.295;3.23
2021-03-09 16:17:19.805;Dn;6.303;3.23
2021-03-09 16:17:20.243;Dn;6.311;3.23
2021-03-09 16:17:20.928;Dn;6.312;3.23
2021-03-09 16:17:20.985;Dn;6.326;3.23
2021-03-09 16:17:21.142;Dn;6.328;3.23
2021-03-09 16:17:21.284;Dn;6.335;3.23
2021-03-09 16:17:21.660;Dn;6.343;3.23
2021-03-09 16:17:21.905;Dn;6.347;3.23
2021-03-09 16:17:22.088;Dn;6.351;3.23
2021-03-09 16:17:22.440;Dn;6.359;3.23
2021-03-09 16:17:22.721;Dn;6.364;3.23
2021-03-09 16:17:22.809;Dn;6.367;3.23
2021-03-09 16:17:23.182;Dn;6.375;3.23
2021-03-09 16:17:23.606;Dn;6.382;3.23
2021-03-09 16:17:23.678;Dn;6.384;3.23
2021-03-09 16:17:24.021;Dn;6.392;3.23
2021-03-09 16:17:24.343;Dn;6.397;3.23
2021-03-09 16:17:24.414;Dn;6.400;3.23
2021-03-09 16:17:24.762;Dn;6.408;3.23
2021-03-09 16:17:25.148;Dn;6.415;3.23
2021-03-09 16:17:25.251;Dn;6.416;3.23
2021-03-09 16:17:25.569;Dn;6.425;3.23
2021-03-09 16:17:25.970;Dn;6.432;3.23
2021-03-09 16:17:26.087;Dn;6.433;3.23
2021-03-09 16:17:26.336;Dn;6.442;3.23
2021-03-09 16:17:26.773;Dn;6.449;3.23
2021-03-09 16:17:26.847;Dn;6.450;3.23
2021-03-09 16:17:27.118;Dn;6.459;3.23
2021-03-09 16:17:27.693;Dn;6.467;3.23
2021-03-09 16:17:27.918;Dn;6.476;3.23
2021-03-09 16:17:28.291;Dn;6.484;3.23
2021-03-09 16:17:29.059;Dn;6.484;3.23
2021-03-09 16:17:29.110;Dn;6.493;3.23
2021-03-09 16:17:29.209;Dn;6.502;3.23
2021-03-09 16:17:29.484;Dn;6.509;3.23
2021-03-09 16:17:29.917;Dn;6.518;3.23
2021-03-09 16:17:30.048;Dn;6.519;3.23
2021-03-09 16:17:30.333;Dn;6.526;3.23
2021-03-09 16:17:30.917;Dn;6.534;3.23
2021-03-09 16:17:30.952;Dn;6.535;3.23
2021-03-09 16:17:31.183;Dn;6.543;3.23
2021-03-09 16:17:31.656;Dn;6.549;3.23
2021-03-09 16:17:31.776;Dn;6.551;3.23
2021-03-09 16:17:32.140;Dn;6.560;3.23
2021-03-09 16:17:32.469;Dn;6.567;3.23
2021-03-09 16:17:32.583;Dn;6.569;3.23
2021-03-09 16:17:32.953;Dn;6.577;3.23
2021-03-09 16:17:33.277;Dn;6.582;3.23
2021-03-09 16:17:33.405;Dn;6.586;3.23
2021-03-09 16:17:33.871;Dn;6.594;3.23
2021-03-09 16:17:34.090;Dn;6.597;3.23
2021-03-09 16:17:34.368;Dn;6.602;3.23
2021-03-09 16:17:34.905;Dn;6.610;3.23
2021-03-09 16:17:35.023;Dn;6.611;3.23
2021-03-09 16:17:35.611;Dn;6.620;3.23
2021-03-09 16:17:35.712;Dn;6.620;3.23
2021-03-09 16:17:36.127;Dn;6.628;3.23
2021-03-09 16:17:37.182;Dn;6.633;3.23
2021-03-09 16:17:37.228;Dn;6.638;3.23
2021-03-09 16:17:37.325;Dn;6.647;3.23
2021-03-09 16:17:37.856;Dn;6.655;3.23
2021-03-09 16:17:38.239;Dn;6.657;3.23
2021-03-09 16:17:38.606;Dn;6.665;3.23
2021-03-09 16:17:38.967;Dn;6.668;3.23
2021-03-09 16:17:39.163;Dn;6.673;3.23
2021-03-09 16:17:39.803;Dn;6.680;3.23
2021-03-09 16:17:39.880;Dn;6.682;3.23
2021-03-09 16:17:40.327;Dn;6.690;3.23
2021-03-09 16:17:40.590;Dn;6.694;3.23
2021-03-09 16:17:40.758;Dn;6.698;3.23
2021-03-09 16:17:41.072;Dn;6.707;3.23
2021-03-09 16:17:41.407;Dn;6.713;3.23
2021-03-09 16:17:41.487;Dn;6.715;3.23
2021-03-09 16:17:41.868;Dn;6.723;3.23
2021-03-09 16:17:42.213;Dn;6.729;3.23
2021-03-09 16:17:42.290;Dn;6.731;3.23
2021-03-09 16:17:42.620;Dn;6.740;3.23
2021-03-09 16:17:43.030;Dn;6.747;3.23
2021-03-09 16:18:51.022;Dn;6.748;3.23
2021-03-09 16:18:51.245;Dn;6.749;3.23
2021-03-09 16:18:51.276;Dn;6.750;3.23
2021-03-09 16:18:52.030;Dn;6.756;3.23
2021-03-09 16:18:52.129;Dn;6.758;3.23
2021-03-09 16:18:52.852;Dn;6.765;3.23
2021-03-09 16:18:52.983;Dn;6.766;3.23
2021-03-09 16:18:53.737;Dn;6.774;3.23
2021-03-09 16:18:54.083;Dn;6.782;3.23
2021-03-09 16:18:54.469;Dn;6.787;3.23
2021-03-09 16:18:54.697;Dn;6.790;3.23
2021-03-09 16:18:55.182;Dn;6.798;3.23
2021-03-09 16:18:55.279;Dn;6.799;3.23
2021-03-09 16:18:55.583;Dn;6.807;3.23
2021-03-09 16:18:56.163;Dn;6.814;3.23
2021-03-09 16:18:56.214;Dn;6.816;3.23
2021-03-09 16:18:56.605;Dn;6.824;3.23
2021-03-09 16:18:56.899;Dn;6.827;3.23
2021-03-09 16:18:57.103;Dn;6.833;3.23
2021-03-09 16:18:57.597;Dn;6.841;3.23
2021-03-09 16:18:58.366;Dn;6.842;3.18
2021-03-09 16:18:58.408;Dn;6.854;3.18
2021-03-09 16:18:58.509;Dn;6.855;3.18
2021-03-09 16:18:58.831;Dn;6.862;3.18
2021-03-09 16:18:59.197;Dn;6.870;3.18
2021-03-09 16:18:59.373;Dn;6.871;3.18
2021-03-09 16:18:59.710;Dn;6.878;3.18
2021-03-09 16:19:00.160;Dn;6.886;3.18
2021-03-09 16:19:00.495;Dn;6.896;3.18
2021-03-09 16:19:00.959;Dn;6.903;3.18
2021-03-09 16:19:01.050;Dn;6.904;3.18
2021-03-09 16:19:01.442;Dn;6.913;3.18
2021-03-09 16:19:01.776;Dn;6.919;3.18
2021-03-09 16:19:01.872;Dn;6.922;3.18
2021-03-09 16:19:02.193;Dn;6.930;3.18
2021-03-09 16:19:02.582;Dn;6.938;3.18
2021-03-09 16:19:02.703;Dn;6.939;3.18
2021-03-09 16:19:03.042;Dn;6.947;3.18
2021-03-09 16:19:03.503;Dn;6.954;3.18
2021-03-09 16:19:03.509;Dn;6.955;3.18
2021-03-09 16:19:03.759;Dn;6.963;3.18
2021-03-09 16:19:04.141;Dn;6.972;3.18
2021-03-09 16:19:04.238;Dn;6.972;3.18
2021-03-09 16:19:04.527;Dn;6.980;3.18
2021-03-09 16:19:04.865;Dn;6.988;3.18
2021-03-09 16:19:05.100;Dn;6.990;3.18
2021-03-09 16:19:05.226;Dn;6.996;3.18
2021-03-09 16:19:05.590;Dn;7.005;3.18
2021-03-09 16:19:06.488;Dn;7.009;3.18
2021-03-09 16:19:06.611;Dn;7.014;3.18
2021-03-09 16:19:06.669;Dn;7.028;3.18
2021-03-09 16:19:06.766;Dn;7.033;3.18
2021-03-09 16:19:07.119;Dn;7.041;3.18
2021-03-09 16:19:07.453;Dn;7.046;3.18
2021-03-09 16:19:07.642;Dn;7.050;3.18
2021-03-09 16:19:07.959;Dn;7.058;3.18
2021-03-09 16:19:08.351;Dn;7.064;3.18
2021-03-09 16:19:08.400;Dn;7.066;3.18
2021-03-09 16:19:08.590;Dn;7.074;3.18
2021-03-09 16:19:09.093;Dn;7.083;3.18
2021-03-09 16:19:09.314;Dn;7.091;3.18
2021-03-09 16:19:09.736;Dn;7.099;3.18
2021-03-09 16:19:09.940;Dn;7.102;3.18
2021-03-09 16:19:10.055;Dn;7.108;3.18
2021-03-09 16:19:10.516;Dn;7.116;3.18
2021-03-09 16:19:10.737;Dn;7.118;3.18
2021-03-09 16:19:10.973;Dn;7.125;3.18
2021-03-09 16:19:11.417;Dn;7.133;3.18
2021-03-09 16:19:11.543;Dn;7.134;3.18
2021-03-09 16:19:11.711;Dn;7.142;3.18
2021-03-09 16:19:12.121;Dn;7.150;3.18
2021-03-09 16:19:12.385;Dn;7.152;3.18
2021-03-09 16:19:12.566;Dn;7.158;3.18
2021-03-09 16:19:12.848;Dn;7.166;3.18
2021-03-09 16:19:13.136;Dn;7.171;3.18
2021-03-09 16:19:13.252;Dn;7.174;3.18
2021-03-09 16:19:13.487;Dn;7.183;3.18
2021-03-09 16:19:14.607;Dn;7.191;3.18
2021-03-09 16:19:14.654;Dn;7.208;3.18
2021-03-09 16:19:14.782;Dn;7.209;3.18
2021-03-09 16:19:14.930;Dn;7.218;3.18
2021-03-09 16:19:15.262;Dn;7.227;3.18
2021-03-09 16:19:15.653;Dn;7.234;3.18
2021-03-09 16:19:15.665;Dn;7.235;3.18
2021-03-09 16:19:15.903;Dn;7.244;3.18
2021-03-09 16:19:16.212;Dn;7.253;3.18
2021-03-09 16:19:16.439;Dn;7.254;3.18
2021-03-09 16:19:16.494;Dn;7.261;3.18
2021-03-09 16:19:16.813;Dn;7.269;3.18
2021-03-09 16:19:17.234;Dn;7.279;3.18
2021-03-09 16:19:17.543;Dn;7.287;3.18
2021-03-09 16:19:17.843;Dn;7.296;3.18
2021-03-09 16:19:18.046;Dn;7.299;3.18
2021-03-09 16:19:18.161;Dn;7.304;3.18
2021-03-09 16:19:18.476;Dn;7.312;3.18
2021-03-09 16:19:18.846;Dn;7.318;3.18
2021-03-09 16:19:18.891;Dn;7.320;3.18
2021-03-09 16:19:19.247;Dn;7.328;3.18
2021-03-09 16:19:19.741;Dn;7.337;3.18
2021-03-09 16:19:19.913;Dn;7.345;3.18
2021-03-09 16:19:20.276;Dn;7.353;3.18
2021-03-09 16:19:20.472;Dn;7.357;3.18
2021-03-09 16:19:20.739;Dn;7.361;3.18
2021-03-09 16:19:21.040;Dn;7.370;3.18
2021-03-09 16:19:21.337;Dn;7.374;3.18
2021-03-09 16:19:21.389;Dn;7.378;3.18
2021-03-09 16:19:21.709;Dn;7.386;3.18
2021-03-09 16:19:22.719;Dn;7.394;3.18
2021-03-09 16:19:22.774;Dn;7.395;3.18
2021-03-09 16:19:22.869;Dn;7.411;3.18
2021-03-09 16:19:23.060;Dn;7.417;3.18
2021-03-09 16:19:23.406;Dn;7.426;3.18
2021-03-09 16:19:23.746;Dn;7.431;3.18
2021-03-09 16:19:23.838;Dn;7.434;3.18
2021-03-09 16:19:24.154;Dn;7.443;3.18
2021-03-09 16:19:24.500;Dn;7.450;3.18
2021-03-09 16:19:24.576;Dn;7.451;3.18
2021-03-09 16:19:24.886;Dn;7.459;3.18
2021-03-09 16:19:25.202;Dn;7.467;3.18
2021-03-09 16:19:25.292;Dn;7.468;3.18
2021-03-09 16:19:25.622;Dn;7.476;3.18
2021-03-09 16:19:26.014;Dn;7.484;3.18
2021-03-09 16:19:26.111;Dn;7.485;3.18
2021-03-09 16:19:26.401;Dn;7.492;3.18
2021-03-09 16:19:26.783;Dn;7.500;3.18
